Guest_id,no_of_bookings_jan,total_room_nights_jan,total_amount_jan,no_of_bookings_feb,total_room_nights_feb,total_amount_feb,no_of_bookings_mar,total_room_nights_mar,total_amount_mar
211,0,0,0,1,1,1754,0,0,0
220,2,1,3443,0,0,0,1,1,1949
292,0,0,0,1,1,5719,0,0,0
648,0,0,0,0,0,0,1,4,14815
714,0,0,0,0,0,0,1,0,2267
728,0,0,0,0,0,0,1,0,4677
765,1,1,1949,0,0,0,0,0,0
834,0,0,0,0,0,0,1,1,3769
1731,0,0,0,1,1,1819,0,0,0
1775,0,0,0,0,0,0,1,1,2790
1864,2,2,4288,1,1,1494,0,0,0
2029,0,0,0,1,1,3119,0,0,0
2057,0,0,0,0,0,0,1,0,4939
2133,0,0,0,0,0,0,1,1,2014
2161,0,0,0,2,0,5458,0,0,0
2162,1,1,4159,0,0,0,0,0,0
2202,2,5,15918,0,0,0,0,0,0
2261,0,0,0,0,0,0,1,1,2014
2263,0,0,0,0,0,0,1,1,3120
2562,0,0,0,1,1,3388,0,0,0
2577,0,0,0,0,0,0,1,1,2101
2583,0,0,0,0,0,0,1,1,1819
2827,1,2,4157,0,0,0,1,2,5197
2831,0,0,0,0,0,0,1,1,2236
2861,0,0,0,0,0,0,1,0,4484
3145,1,1,1884,1,1,1884,0,0,0
3176,0,0,0,0,0,0,1,2,3188
3177,0,0,0,0,0,0,1,1,2050
3207,0,0,0,1,1,1819,5,5,10460
3231,0,0,0,0,0,0,1,1,2079
3288,0,0,0,1,0,3637,0,0,0
3398,0,0,0,1,3,5651,2,2,7016
3424,1,1,2599,1,1,2014,1,1,1819
3427,0,0,0,0,0,0,2,1,4583
3449,2,2,5978,0,0,0,0,0,0
3452,1,2,5977,0,0,0,0,0,0
3510,0,0,0,1,1,2144,0,0,0
3574,0,0,0,1,5,11531,0,0,0
3580,1,2,4677,0,0,0,0,0,0
3585,1,0,2729,0,0,0,0,0,0
3770,1,1,2339,0,0,0,0,0,0
3772,0,0,0,1,0,1732,0,0,0
3846,0,0,0,1,0,1608,0,0,0
3929,3,5,13708,0,0,0,0,0,0
4043,1,0,2729,0,0,0,0,0,0
4121,2,0,4288,0,0,0,2,1,4523
4141,0,0,0,1,3,12476,0,0,0
4328,0,0,0,0,0,0,1,1,2014
4377,0,0,0,0,0,0,1,1,3588
4473,0,0,0,1,0,2144,0,0,0
4595,2,1,4678,0,0,0,1,0,2209
4675,1,1,2404,2,1,4743,0,0,0
5049,1,1,2469,0,0,0,1,1,2014
5397,0,0,0,1,2,5756,2,1,3938
5494,0,0,0,0,0,0,1,1,1754
5633,0,0,0,1,1,1624,0,0,0
5868,0,0,0,0,0,0,1,1,1819
5977,1,1,926,3,3,6627,0,0,0
6006,0,0,0,1,0,2404,1,0,1884
6014,1,1,1754,0,0,0,0,0,0
6033,1,0,2209,0,0,0,0,0,0
6085,0,0,0,2,2,4182,0,0,0
6114,0,0,0,1,1,1856,0,0,0
6268,0,0,0,0,0,0,1,1,1949
6284,1,0,2339,1,1,1888,1,1,1888
6317,0,0,0,1,0,6757,0,0,0
6513,1,1,2924,0,0,0,1,1,3054
6636,0,0,0,0,0,0,1,1,1704
6845,0,0,0,2,2,3118,0,0,0
6892,0,0,0,1,1,1949,0,0,0
6963,0,0,0,0,0,0,1,0,3509
6989,1,1,2209,0,0,0,0,0,0
7105,0,0,0,1,1,2816,0,0,0
7121,1,1,2079,0,0,0,0,0,0
7282,1,1,2469,0,0,0,0,0,0
7310,0,0,0,1,0,4417,0,0,0
7326,2,2,3768,0,0,0,0,0,0
7412,2,1,7668,0,0,0,0,0,0
7443,0,0,0,1,1,3054,0,0,0
7519,0,0,0,0,0,0,2,3,10140
7592,0,0,0,3,2,6237,0,0,0
7701,1,1,3574,0,0,0,0,0,0
7731,1,0,1949,1,1,2014,2,1,4093
7845,0,0,0,1,1,2011,0,0,0
7936,1,1,2729,0,0,0,0,0,0
7970,2,2,3768,2,1,3313,1,1,1624
7971,3,1,9747,0,0,0,0,0,0
8066,1,0,1949,2,1,3638,0,0,0
8240,1,13,28882,0,0,0,0,0,0
8244,1,1,1949,0,0,0,0,0,0
8353,1,0,1949,1,0,1819,2,1,3188
8380,1,1,1624,2,5,13318,0,0,0
8605,1,0,2144,0,0,0,1,0,2339
8611,0,0,0,1,2,5847,0,0,0
8656,0,0,0,0,0,0,3,3,8057
8680,0,0,0,1,0,6934,0,0,0
8704,0,0,0,2,1,5068,5,16,31508
8760,1,1,2469,1,1,2729,1,0,7601
8861,1,1,2144,0,0,0,0,0,0
8864,0,0,0,1,0,2664,1,1,1676
8873,1,5,7371,0,0,0,0,0,0
8875,1,0,2092,0,0,0,0,0,0
9065,0,0,0,1,3,7149,0,0,0
9108,0,0,0,1,0,2469,0,0,0
9133,1,0,2404,1,2,7233,1,1,2014
9187,0,0,0,1,0,3379,0,0,0
9197,2,0,6274,2,0,12235,1,1,1906
9198,1,1,4354,0,0,0,0,0,0
9298,0,0,0,0,0,0,1,0,2859
9330,0,0,0,2,1,6658,3,2,14097
9338,1,1,3574,0,0,0,0,0,0
9354,0,0,0,0,0,0,1,2,5977
9386,0,0,0,0,0,0,1,0,2014
9560,0,0,0,1,0,1364,0,0,0
9634,0,0,0,0,0,0,1,0,2209
9671,1,2,4324,0,0,0,0,0,0
9732,0,0,0,0,0,0,1,2,8317
9858,0,0,0,4,4,7703,2,5,8703
9894,0,0,0,1,1,2989,0,0,0
10015,0,0,0,0,0,0,3,5,14424
10067,0,0,0,0,0,0,1,0,2144
10362,0,0,0,3,2,5652,4,4,8814
10444,0,0,0,0,0,0,1,1,3184
10453,3,3,9028,0,0,0,0,0,0
10629,0,0,0,2,1,4288,1,1,1039
10757,0,0,0,1,0,3184,0,0,0
10815,0,0,0,1,2,4157,0,0,0
10965,0,0,0,3,1,7281,0,0,0
11025,0,0,0,2,2,3963,0,0,0
11069,0,0,0,0,0,0,2,2,6043
11199,0,0,0,0,0,0,1,1,2083
11332,1,6,11692,0,0,0,0,0,0
11342,2,2,12992,0,0,0,0,0,0
11404,1,0,1819,0,0,0,0,0,0
11659,1,2,6237,0,0,0,0,0,0
11665,0,0,0,0,0,0,1,0,1884
11800,0,0,0,0,0,0,1,0,1949
11931,0,0,0,0,0,0,1,1,1899
11989,0,0,0,0,0,0,1,0,2924
12023,1,1,2794,0,0,0,0,0,0
12114,0,0,0,1,1,2491,0,0,0
12255,4,2,18336,0,0,0,0,0,0
12340,0,0,0,0,0,0,2,4,11239
12354,0,0,0,0,0,0,1,1,3184
12377,0,0,0,1,0,11565,1,2,6042
12484,0,0,0,1,0,2534,0,0,0
12485,1,1,2209,0,0,0,2,4,8054
12781,1,1,3119,0,0,0,0,0,0
12790,0,0,0,1,2,4116,0,0,0
13060,0,0,0,1,1,2404,0,0,0
13091,2,2,3378,0,0,0,5,4,9114
13131,1,1,2144,0,0,0,0,0,0
13138,0,0,0,0,0,0,1,0,1949
13139,3,0,6432,0,0,0,0,0,0
13209,1,0,4939,0,0,0,0,0,0
13359,0,0,0,1,1,1888,0,0,0
13378,3,1,5554,2,1,5029,0,0,0
13380,0,0,0,1,0,1976,0,0,0
13402,1,2,6562,0,0,0,0,0,0
13601,1,1,3054,0,0,0,0,0,0
13605,0,0,0,1,1,2204,0,0,0
13678,0,0,0,1,1,6564,0,0,0
13793,1,1,2339,0,0,0,0,0,0
13794,1,0,4874,0,0,0,0,0,0
13846,0,0,0,0,0,0,1,0,2729
13951,3,4,8575,1,0,3442,2,1,4481
13959,1,4,8637,0,0,0,1,1,2192
13982,0,0,0,0,0,0,1,0,2664
14120,1,1,2274,0,0,0,0,0,0
14499,1,0,59254,1,1,1429,0,0,0
14557,0,0,0,3,3,22610,0,0,0
14601,3,2,6042,0,0,0,2,1,4743
14623,1,0,2726,0,0,0,0,0,0
14674,0,0,0,1,0,2508,0,0,0
14687,1,1,1819,0,0,0,0,0,0
14708,0,0,0,1,2,4807,0,0,0
14742,1,1,6044,0,0,0,0,0,0
14755,1,1,1429,0,0,0,0,0,0
14778,1,0,11307,1,0,7406,0,0,0
14874,0,0,0,1,4,12735,0,0,0
14876,0,0,0,0,0,0,1,2,2590
14942,0,0,0,0,0,0,1,0,10395
15037,1,0,1884,0,0,0,0,0,0
15169,0,0,0,0,0,0,4,0,25172
15300,1,0,3119,0,0,0,0,0,0
15445,2,0,9488,0,0,0,2,2,6238
15447,0,0,0,3,3,5192,2,3,6169
15533,1,1,3901,0,0,0,0,0,0
15573,0,0,0,1,0,2404,0,0,0
15620,0,0,0,1,1,1949,0,0,0
15656,1,0,10267,0,0,0,0,0,0
15767,1,1,3574,0,0,0,0,0,0
15775,1,1,2209,0,0,0,0,0,0
15841,0,0,0,0,0,0,1,2,3767
15900,3,2,5240,1,1,2209,0,0,0
15976,0,0,0,0,0,0,1,0,2460
16015,1,1,1457,0,0,0,0,0,0
16173,1,0,1494,0,0,0,0,0,0
16238,0,0,0,0,0,0,1,2,5197
16277,1,0,27937,0,0,0,0,0,0
16287,1,1,2192,0,0,0,0,0,0
16292,1,1,2404,0,0,0,0,0,0
16566,1,0,6755,0,0,0,0,0,0
16603,0,0,0,1,0,3314,0,0,0
16744,1,1,2339,0,0,0,0,0,0
16808,2,2,7794,0,0,0,0,0,0
16812,0,0,0,1,0,1392,0,0,0
16954,0,0,0,1,3,6513,0,0,0
16959,0,0,0,1,1,2144,0,0,0
17049,0,0,0,0,0,0,1,0,2924
17092,0,0,0,1,1,2144,0,0,0
17106,0,0,0,1,1,2079,0,0,0
17344,1,2,4352,0,0,0,0,0,0
17641,1,1,1884,0,0,0,0,0,0
17715,0,0,0,0,0,0,1,1,3120
17746,1,0,6620,0,0,0,0,0,0
17784,0,0,0,1,0,7277,0,0,0
17865,0,0,0,0,0,0,1,0,3444
17878,1,0,2484,0,0,0,0,0,0
17980,0,0,0,2,1,6382,0,0,0
18009,1,0,2014,0,0,0,0,0,0
18139,0,0,0,1,0,2664,0,0,0
18226,1,0,10135,0,0,0,0,0,0
18261,0,0,0,1,0,2014,0,0,0
18314,1,0,2534,0,0,0,0,0,0
18465,0,0,0,0,0,0,1,1,2469
18521,0,0,0,0,0,0,1,1,2274
18527,1,2,4807,0,0,0,0,0,0
18586,0,0,0,0,0,0,1,2,7176
18625,0,0,0,0,0,0,1,2,4521
18934,0,0,0,1,0,3054,0,0,0
18979,1,0,4679,0,0,0,1,0,5541
19017,4,2,17806,0,0,0,0,0,0
19130,1,2,3812,0,0,0,0,0,0
19221,0,0,0,0,0,0,1,1,2209
19246,0,0,0,0,0,0,1,11,45360
19274,0,0,0,0,0,0,1,0,10979
19309,0,0,0,1,0,4157,0,0,0
19363,0,0,0,0,0,0,1,1,2599
19531,1,0,10787,0,0,0,0,0,0
19536,4,2,8511,0,0,0,2,2,4060
19588,0,0,0,1,1,2469,0,0,0
19760,0,0,0,1,1,1888,0,0,0
19783,0,0,0,1,1,2794,0,0,0
19795,0,0,0,1,1,1888,0,0,0
19943,0,0,0,1,1,3574,0,0,0
19960,0,0,0,0,0,0,1,1,5004
19964,1,0,4547,0,0,0,0,0,0
19988,0,0,0,0,0,0,1,0,1477
20003,0,0,0,1,1,1624,0,0,0
20026,3,3,7992,0,0,0,0,0,0
20133,2,1,5718,0,0,0,1,1,2339
20154,1,1,3184,0,0,0,0,0,0
20223,0,0,0,1,1,1993,0,0,0
20319,0,0,0,1,7,13056,0,0,0
20387,0,0,0,0,0,0,1,2,9617
20408,1,1,2534,0,0,0,0,0,0
20597,1,0,11955,1,3,8576,0,0,0
20754,0,0,0,1,1,2664,0,0,0
20855,0,0,0,2,1,5068,0,0,0
20992,0,0,0,0,0,0,1,1,2079
21016,1,1,2599,0,0,0,0,0,0
21052,2,2,4028,0,0,0,0,0,0
21072,0,0,0,0,0,0,1,0,1970
21152,1,1,2014,1,0,2129,0,0,0
21196,0,0,0,0,0,0,2,1,4399
21219,0,0,0,1,2,5717,0,0,0
21366,0,0,0,1,1,5199,0,0,0
21418,1,0,1689,0,0,0,1,0,1949
21595,2,2,5458,0,0,0,0,0,0
21651,0,0,0,0,0,0,1,3,7145
21661,0,0,0,0,0,0,1,1,2766
21667,1,2,3224,0,0,0,0,0,0
21694,3,0,6757,0,0,0,1,1,2404
21716,2,1,11308,2,2,11178,1,0,6369
21854,2,0,6343,2,2,4094,0,0,0
21954,0,0,0,0,0,0,1,0,1993
22257,1,0,3444,0,0,0,0,0,0
22380,0,0,0,0,0,0,1,1,2404
22534,0,0,0,0,0,0,3,3,15614
22782,0,0,0,1,1,2209,0,0,0
22844,0,0,0,1,1,2664,0,0,0
22852,0,0,0,1,0,2534,0,0,0
22963,2,1,4093,2,0,4548,2,1,4743
23250,1,1,2014,0,0,0,0,0,0
23393,0,0,0,1,0,4679,0,0,0
23457,1,1,2274,0,0,0,0,0,0
23493,0,0,0,1,1,2370,1,1,2404
23503,1,1,2859,0,0,0,2,1,4743
23689,0,0,0,1,0,4287,0,0,0
23705,1,2,7472,0,0,0,0,0,0
23806,2,0,3704,0,0,0,0,0,0
23899,0,0,0,0,0,0,1,1,2274
23913,3,1,9032,0,0,0,0,0,0
24154,0,0,0,1,0,2729,0,0,0
24582,1,1,1949,1,2,4966,1,1,2859
24587,0,0,0,1,1,1754,0,0,0
24613,1,1,4159,0,0,0,0,0,0
24749,0,0,0,1,1,2192,0,0,0
24838,1,1,2209,0,0,0,0,0,0
24964,0,0,0,1,1,2079,0,0,0
25162,0,0,0,0,0,0,1,0,3509
25479,1,0,2729,0,0,0,3,1,13514
25734,0,0,0,1,0,2989,0,0,0
25797,0,0,0,0,0,0,1,0,4677
25812,0,0,0,1,0,3769,0,0,0
25876,0,0,0,2,0,17934,1,1,2144
25889,0,0,0,0,0,0,1,1,2924
26072,1,2,3897,0,0,0,0,0,0
26179,1,1,2101,0,0,0,0,0,0
26389,0,0,0,3,3,7927,4,4,9031
26536,2,4,8054,0,0,0,0,0,0
26820,1,0,2274,0,0,0,0,0,0
26860,0,0,0,1,1,2469,0,0,0
26893,0,0,0,0,0,0,1,0,1559
27112,0,0,0,1,2,6237,0,0,0
27204,3,2,14945,0,0,0,0,0,0
27291,1,1,2729,0,0,0,0,0,0
27328,0,0,0,1,3,14360,0,0,0
27435,0,0,0,1,0,5197,0,0,0
27465,0,0,0,1,0,5134,0,0,0
27492,0,0,0,1,1,2794,5,1,9980
27527,0,0,0,2,1,3833,0,0,0
27876,0,0,0,1,1,2283,0,0,0
27905,0,0,0,1,1,2664,1,1,3986
28143,2,9,27288,0,0,0,0,0,0
28245,0,0,0,0,0,0,1,0,14555
28412,0,0,0,0,0,0,1,1,2014
28523,0,0,0,0,0,0,1,1,2274
28584,1,0,2209,0,0,0,0,0,0
28621,0,0,0,1,0,3466,0,0,0
28805,1,1,2859,0,0,0,0,0,0
28914,1,1,1732,0,0,0,0,0,0
29124,1,0,2144,0,0,0,0,0,0
29269,0,0,0,0,0,0,3,4,6530
29563,1,4,6776,0,0,0,0,0,0
29619,1,1,2534,0,0,0,0,0,0
29627,3,1,6159,0,0,0,0,0,0
29684,3,1,13387,0,0,0,0,0,0
29704,0,0,0,0,0,0,1,1,1754
29885,1,1,4354,0,0,0,0,0,0
30453,0,0,0,2,5,8052,0,0,0
30499,0,0,0,1,4,10587,0,0,0
30578,0,0,0,0,0,0,1,0,1868
30671,1,0,2209,0,0,0,0,0,0
30752,0,0,0,0,0,0,1,1,2534
30922,0,0,0,1,2,9617,0,0,0
30923,0,0,0,0,0,0,1,0,21700
30963,1,1,2209,2,2,5653,0,0,0
30990,0,0,0,1,0,1884,0,0,0
30995,1,0,2404,0,0,0,0,0,0
30999,1,1,1949,0,0,0,0,0,0
31136,0,0,0,1,1,2664,1,1,1594
31316,0,0,0,1,1,2209,1,0,2469
31412,0,0,0,1,1,2029,1,1,1949
31449,1,1,2469,2,2,21951,0,0,0
31583,0,0,0,1,1,3834,0,0,0
31960,1,3,7180,0,0,0,0,0,0
31994,0,0,0,0,0,0,2,0,11174
32005,0,0,0,1,1,1884,0,0,0
32189,0,0,0,1,1,2596,0,0,0
32390,1,3,13256,0,0,0,0,0,0
32581,0,0,0,1,0,3448,0,0,0
32661,0,0,0,1,1,2506,0,0,0
32718,0,0,0,0,0,0,1,0,1689
32772,0,0,0,1,0,3507,0,0,0
32837,2,1,4353,0,0,0,0,0,0
32986,1,1,1559,0,0,0,0,0,0
33021,1,0,2252,1,0,2924,0,0,0
33086,0,0,0,1,1,2794,0,0,0
33092,0,0,0,0,0,0,1,1,2729
33193,1,1,2648,0,0,0,0,0,0
33288,1,1,2599,0,0,0,0,0,0
33359,1,1,3054,0,0,0,0,0,0
33493,2,2,6756,0,0,0,2,1,5263
33558,0,0,0,1,2,4360,1,1,1560
33581,1,1,2363,1,1,2729,0,0,0
33657,0,0,0,1,0,2469,0,0,0
33824,2,1,5588,1,0,2534,0,0,0
33838,0,0,0,0,0,0,2,1,7798
33926,1,1,2469,2,1,5198,0,0,0
33945,2,2,10784,0,0,0,0,0,0
33978,1,1,4874,0,0,0,1,4,8705
34066,0,0,0,0,0,0,1,0,2100
34224,0,0,0,1,0,3249,0,0,0
34633,1,0,3205,0,0,0,0,0,0
34654,2,2,4418,0,0,0,0,0,0
34712,1,1,3899,1,1,4224,0,0,0
35093,0,0,0,0,0,0,1,0,7344
35242,0,0,0,0,0,0,1,1,1754
35292,1,1,3834,0,0,0,0,0,0
35354,2,5,13066,0,0,0,0,0,0
35610,1,1,2079,0,0,0,0,0,0
35729,2,0,4532,0,0,0,0,0,0
35737,0,0,0,1,0,2079,0,0,0
35857,1,3,14621,0,0,0,0,0,0
35923,1,0,1665,0,0,0,0,0,0
36096,0,0,0,1,3,10721,0,0,0
36152,0,0,0,2,2,3948,0,0,0
36632,0,0,0,0,0,0,1,2,3812
36635,0,0,0,2,3,8094,0,0,0
36718,1,0,2794,0,0,0,0,0,0
36787,1,1,2284,0,0,0,0,0,0
36818,1,2,4417,0,0,0,0,0,0
36923,0,0,0,0,0,0,2,1,6173
37146,0,0,0,0,0,0,1,1,5048
37171,0,0,0,1,1,1689,0,0,0
37363,1,0,13644,0,0,0,0,0,0
37423,2,5,12689,2,6,14212,0,0,0
37618,0,0,0,2,1,8708,0,0,0
37622,0,0,0,1,2,8057,0,0,0
37827,0,0,0,1,0,12475,0,0,0
37981,3,2,5912,0,0,0,1,0,2014
38109,1,0,1212,0,0,0,0,0,0
38145,0,0,0,1,1,2469,0,0,0
38733,1,0,21055,0,0,0,0,0,0
38803,2,5,12992,0,0,0,0,0,0
38832,0,0,0,1,1,1386,0,0,0
38837,0,0,0,1,0,2989,0,0,0
38870,1,0,2924,0,0,0,0,0,0
39047,0,0,0,0,0,0,2,1,6368
39669,0,0,0,0,0,0,1,3,16634
39744,1,0,2924,0,0,0,0,0,0
39801,0,0,0,0,0,0,1,0,1884
39916,0,0,0,0,0,0,2,2,3664
40035,1,1,2014,0,0,0,0,0,0
40124,0,0,0,0,0,0,1,0,2461
40129,0,0,0,0,0,0,1,1,1949
40151,1,2,3247,0,0,0,0,0,0
40182,1,1,3588,0,0,0,0,0,0
40195,0,0,0,1,1,2274,0,0,0
40671,1,1,1949,0,0,0,0,0,0
40906,0,0,0,1,1,2573,0,0,0
40981,0,0,0,1,1,5719,1,1,3119
41023,0,0,0,1,0,3444,0,0,0
41034,0,0,0,1,1,2339,1,0,7732
41043,0,0,0,2,0,8188,0,0,0
41098,0,0,0,0,0,0,1,1,2014
41279,0,0,0,0,0,0,1,1,3509
41471,4,2,9421,0,0,0,1,1,2339
41627,0,0,0,1,1,2079,1,1,2306
41757,0,0,0,0,0,0,1,1,3509
41895,0,0,0,1,0,2796,0,0,0
42287,0,0,0,1,1,2144,0,0,0
42304,1,0,7406,0,0,0,0,0,0
42387,3,5,11353,0,0,0,1,1,2568
42484,0,0,0,0,0,0,1,1,1949
42513,0,0,0,1,0,2274,0,0,0
42520,0,0,0,1,1,2144,0,0,0
42531,1,1,1949,0,0,0,0,0,0
42551,1,1,1884,0,0,0,0,0,0
42741,2,2,7666,0,0,0,1,1,2729
42849,0,0,0,1,0,2144,0,0,0
42878,1,0,19297,0,0,0,0,0,0
43107,0,0,0,2,1,9683,1,1,4419
43285,0,0,0,0,0,0,1,1,2339
43287,1,1,2014,0,0,0,1,1,1949
43374,1,2,6201,0,0,0,0,0,0
43432,0,0,0,0,0,0,1,2,5590
43500,2,3,16701,0,0,0,0,0,0
43523,1,0,2989,0,0,0,0,0,0
43620,0,0,0,1,2,5717,0,0,0
43827,1,0,4354,0,0,0,0,0,0
43860,0,0,0,1,1,2558,0,0,0
43903,1,0,1494,0,0,0,0,0,0
43966,0,0,0,1,1,1685,0,0,0
44047,1,4,17155,0,0,0,0,0,0
44087,0,0,0,1,0,18455,0,0,0
44138,0,0,0,0,0,0,1,0,2209
44199,1,0,2274,1,1,2274,0,0,0
44291,2,0,3898,1,1,2144,0,0,0
44356,2,2,4418,1,1,2404,0,0,0
44371,1,1,2339,0,0,0,0,0,0
44490,1,1,5719,0,0,0,0,0,0
45089,1,0,1884,1,0,1732,0,0,0
45090,0,0,0,1,1,5654,0,0,0
45318,0,0,0,1,1,2794,0,0,0
45386,0,0,0,1,0,1977,0,0,0
45412,5,4,12800,2,1,4808,0,0,0
45445,1,1,1884,0,0,0,0,0,0
45569,0,0,0,2,1,4808,0,0,0
45602,0,0,0,2,1,5978,0,0,0
45625,1,1,1819,0,0,0,0,0,0
45644,2,4,10784,1,3,6821,2,4,9160
45817,0,0,0,1,0,4287,0,0,0
45876,0,0,0,1,1,2144,0,0,0
45972,0,0,0,1,1,4419,0,0,0
46095,0,0,0,1,12,29375,0,0,0
46097,0,0,0,1,2,5132,0,0,0
46140,1,4,12995,1,1,2469,0,0,0
46167,1,0,6757,1,2,6107,0,0,0
46174,0,0,0,0,0,0,1,1,2794
46179,0,0,0,1,0,2144,0,0,0
46268,1,0,1893,0,0,0,0,0,0
46373,1,0,2729,0,0,0,0,0,0
46434,0,0,0,1,2,7602,0,0,0
46444,0,0,0,1,0,11435,0,0,0
46608,1,1,3271,0,0,0,0,0,0
46697,1,0,2209,0,0,0,0,0,0
46857,0,0,0,1,1,3851,0,0,0
46975,0,0,0,0,0,0,1,1,2106
46976,0,0,0,1,1,5134,1,0,5654
47054,0,0,0,1,1,2209,0,0,0
47195,0,0,0,0,0,0,3,3,5631
47251,0,0,0,0,0,0,2,3,8518
47276,0,0,0,1,0,3229,0,0,0
47342,0,0,0,2,5,11692,0,0,0
47396,0,0,0,1,4,10135,0,0,0
47628,0,0,0,0,0,0,2,2,4299
47695,0,0,0,1,1,2469,0,0,0
47827,0,0,0,0,0,0,1,1,2491
47942,2,2,3508,0,0,0,0,0,0
47963,1,1,2209,2,2,4186,0,0,0
48070,0,0,0,0,0,0,1,1,2729
48403,0,0,0,1,0,2989,0,0,0
48615,1,1,3314,0,0,0,0,0,0
48657,0,0,0,1,2,2857,0,0,0
48663,0,0,0,0,0,0,1,1,3055
48699,2,3,15141,0,0,0,0,0,0
48802,0,0,0,1,0,3054,0,0,0
48864,0,0,0,0,0,0,1,11,37166
48935,1,0,1949,0,0,0,0,0,0
49071,0,0,0,0,0,0,2,6,31192
49194,0,0,0,1,0,1872,0,0,0
49431,1,1,2469,0,0,0,0,0,0
49442,2,1,4223,0,0,0,0,0,0
49454,0,0,0,1,0,2582,0,0,0
49619,2,2,12474,0,0,0,0,0,0
49800,0,0,0,1,0,2209,0,0,0
50009,0,0,0,1,2,7602,0,0,0
50174,2,1,5517,0,0,0,0,0,0
50187,0,0,0,1,1,2794,0,0,0
50396,0,0,0,1,1,3899,0,0,0
50419,2,0,12212,0,0,0,0,0,0
50471,0,0,0,1,1,3119,0,0,0
50501,0,0,0,1,2,5145,0,0,0
50594,0,0,0,1,0,1949,0,0,0
50628,1,1,3704,0,0,0,0,0,0
50641,1,0,3444,0,0,0,0,0,0
50869,2,1,5092,0,0,0,0,0,0
50900,1,0,2729,0,0,0,0,0,0
50932,0,0,0,0,0,0,1,0,15486
50957,0,0,0,1,0,2599,0,0,0
50981,0,0,0,1,0,2664,0,0,0
51009,0,0,0,0,0,0,1,2,5837
51037,0,0,0,0,0,0,1,1,1429
51090,0,0,0,1,0,2035,0,0,0
51367,0,0,0,1,1,5004,1,1,2802
51469,0,0,0,0,0,0,1,1,2859
51525,0,0,0,1,4,11887,0,0,0
51963,0,0,0,2,2,3378,0,0,0
51987,3,2,5912,0,0,0,1,1,2014
52262,0,0,0,1,0,2274,0,0,0
52281,0,0,0,0,0,0,3,2,9353
52445,1,1,2079,0,0,0,1,1,2144
52447,0,0,0,1,0,2136,0,0,0
52458,0,0,0,0,0,0,1,7,11166
52555,0,0,0,1,1,1689,0,0,0
52617,0,0,0,1,2,5327,1,2,5392
52680,0,0,0,2,6,22353,0,0,0
52787,1,1,1754,0,0,0,0,0,0
52795,0,0,0,0,0,0,1,1,3509
52850,0,0,0,1,4,14149,0,0,0
53008,0,0,0,2,0,6628,1,1,3314
53022,1,0,1856,0,0,0,0,0,0
53047,0,0,0,0,0,0,1,1,1624
53257,0,0,0,0,0,0,1,1,2469
53581,0,0,0,0,0,0,1,1,2924
53934,1,0,2274,0,0,0,0,0,0
53976,1,1,2209,0,0,0,0,0,0
54065,0,0,0,2,2,4678,1,1,2144
54134,0,0,0,1,0,2274,0,0,0
54218,0,0,0,2,0,4743,0,0,0
54504,0,0,0,1,0,7796,0,0,0
54558,1,1,1689,0,0,0,0,0,0
54699,0,0,0,0,0,0,1,0,1715
54842,0,0,0,0,0,0,2,4,44314
55090,1,1,1949,0,0,0,0,0,0
55143,4,5,28517,2,2,7018,0,0,0
55188,0,0,0,0,0,0,1,1,3769
55271,1,1,2188,0,0,0,0,0,0
55369,1,0,7927,0,0,0,2,4,7534
55384,0,0,0,1,0,6367,0,0,0
55389,0,0,0,0,0,0,1,1,2285
55452,0,0,0,2,2,9094,0,0,0
55490,0,0,0,0,0,0,1,3,6236
55529,0,0,0,0,0,0,2,4,13774
55556,0,0,0,1,0,2339,0,0,0
55575,0,0,0,1,1,3184,0,0,0
55576,0,0,0,1,1,1949,0,0,0
55660,0,0,0,0,0,0,1,1,1689
55794,0,0,0,0,0,0,1,0,1364
55815,0,0,0,1,1,2469,0,0,0
56000,0,0,0,1,3,7734,0,0,0
56281,0,0,0,0,0,0,1,3,21509
56421,1,1,2339,0,0,0,0,0,0
56558,1,1,3574,0,0,0,1,1,3285
56630,1,0,9357,0,0,0,0,0,0
56694,2,0,5133,1,1,3444,0,0,0
56894,0,0,0,2,2,5263,2,2,4028
56905,0,0,0,0,0,0,4,5,10979
57004,0,0,0,1,1,3286,0,0,0
57210,0,0,0,0,0,0,1,0,3314
57335,0,0,0,2,1,3183,0,0,0
57438,0,0,0,1,4,8575,0,0,0
57569,0,0,0,0,0,0,1,3,9122
57573,1,1,2144,0,0,0,0,0,0
57736,0,0,0,0,0,0,3,0,20320
57757,0,0,0,0,0,0,1,0,8966
57801,2,1,3682,11,9,27975,15,9,31386
57835,0,0,0,0,0,0,1,2,6427
57879,1,0,2794,0,0,0,0,0,0
58187,0,0,0,1,1,2014,0,0,0
58198,0,0,0,0,0,0,4,9,34172
58266,0,0,0,0,0,0,1,1,2339
58429,0,0,0,0,0,0,6,16,71357
58754,0,0,0,1,0,1429,0,0,0
58858,0,0,0,2,3,7861,0,0,0
58871,0,0,0,1,1,2339,0,0,0
59024,0,0,0,0,0,0,1,4,12220
59140,0,0,0,0,0,0,1,1,3769
59211,0,0,0,0,0,0,1,1,2209
59358,0,0,0,0,0,0,1,0,1949
59454,3,0,25147,0,0,0,0,0,0
59546,2,2,6461,0,0,0,0,0,0
59634,1,0,2640,0,0,0,0,0,0
59752,0,0,0,0,0,0,1,1,1689
59828,0,0,0,1,1,3194,0,0,0
59866,1,1,1949,1,1,2014,0,0,0
59877,2,1,4617,1,0,1958,0,0,0
59986,0,0,0,1,1,3054,1,1,2209
60132,1,2,4157,1,0,2267,0,0,0
60211,0,0,0,1,0,2469,0,0,0
60231,1,1,1949,0,0,0,0,0,0
60296,0,0,0,0,0,0,1,0,2859
60319,1,0,3899,0,0,0,0,0,0
60327,0,0,0,0,0,0,1,0,2209
60375,0,0,0,0,0,0,1,1,2469
60395,0,0,0,3,3,5067,0,0,0
60406,2,1,6237,0,0,0,0,0,0
60460,1,0,2404,0,0,0,0,0,0
60515,1,0,2079,0,0,0,0,0,0
60557,1,0,3444,0,0,0,0,0,0
60635,0,0,0,1,1,2209,0,0,0
60864,0,0,0,1,2,10527,0,0,0
60998,0,0,0,0,0,0,1,2,5728
61254,1,1,1949,0,0,0,0,0,0
61311,1,0,2404,2,1,3963,1,1,1884
61353,0,0,0,1,1,2924,0,0,0
61396,1,0,6367,0,0,0,0,0,0
61516,0,0,0,0,0,0,1,1,4126
61550,0,0,0,1,0,6627,0,0,0
61602,1,0,2534,0,0,0,0,0,0
61768,2,1,4219,0,0,0,0,0,0
61856,0,0,0,2,3,13054,0,0,0
61890,0,0,0,2,2,5328,0,0,0
61921,1,0,2209,0,0,0,0,0,0
62006,0,0,0,3,3,13870,0,0,0
62098,1,1,2144,0,0,0,0,0,0
62101,1,1,2192,0,0,0,0,0,0
62184,1,0,2469,0,0,0,0,0,0
62188,1,3,7016,0,0,0,4,2,12279
62390,0,0,0,0,0,0,1,0,2924
62527,0,0,0,0,0,0,1,1,2989
62582,0,0,0,0,0,0,1,0,4937
62595,1,0,21212,0,0,0,0,0,0
62642,1,2,5002,0,0,0,0,0,0
62941,0,0,0,0,0,0,1,4,9355
63032,2,2,4678,0,0,0,1,2,5067
63053,0,0,0,0,0,0,1,0,21631
63082,0,0,0,2,1,4507,0,0,0
63372,0,0,0,1,1,1903,0,0,0
63511,0,0,0,0,0,0,1,1,1912
63569,1,0,1594,0,0,0,0,0,0
63731,0,0,0,1,1,2469,0,0,0
63819,2,2,8949,0,0,0,0,0,0
63907,0,0,0,1,1,2664,1,1,2794
63945,0,0,0,0,0,0,1,1,2200
63947,1,0,1494,0,0,0,0,0,0
63953,0,0,0,0,0,0,1,0,2989
64143,0,0,0,1,1,3704,0,0,0
64360,0,0,0,0,0,0,1,0,2664
64380,0,0,0,0,0,0,1,5,10719
64580,0,0,0,0,0,0,1,0,119629
64673,0,0,0,1,1,4224,0,0,0
64784,0,0,0,1,0,6107,0,0,0
64828,0,0,0,0,0,0,4,1,8912
64904,1,1,2427,0,0,0,0,0,0
64956,1,1,3899,0,0,0,0,0,0
65068,0,0,0,0,0,0,1,1,1624
65208,1,1,5589,0,0,0,0,0,0
65242,0,0,0,1,0,1494,0,0,0
65516,0,0,0,1,0,2144,0,0,0
65660,2,5,8834,0,0,0,0,0,0
65796,3,3,6822,0,0,0,0,0,0
65873,1,1,3119,0,0,0,0,0,0
65977,0,0,0,1,1,3249,0,0,0
66097,1,0,3574,0,0,0,0,0,0
66108,0,0,0,1,0,3119,0,0,0
66504,3,6,24615,0,0,0,2,7,20531
66598,0,0,0,1,1,3184,0,0,0
66762,1,1,3509,3,1,9487,4,4,12801
66828,1,0,4744,0,0,0,0,0,0
66896,0,0,0,0,0,0,1,0,2144
66909,0,0,0,0,0,0,1,2,4389
67129,1,4,7618,0,0,0,0,0,0
67277,1,2,4872,0,0,0,0,0,0
67529,0,0,0,1,1,2664,1,1,1299
67635,0,0,0,1,0,2989,0,0,0
67664,1,0,1884,0,0,0,0,0,0
67726,2,2,6108,0,0,0,0,0,0
67743,1,0,2144,0,0,0,2,0,5523
67744,0,0,0,1,1,1664,0,0,0
67747,0,0,0,1,2,3463,0,0,0
67915,0,0,0,0,0,0,1,1,1912
68109,0,0,0,2,1,3785,0,0,0
68127,1,1,2339,0,0,0,0,0,0
68193,1,0,14035,1,0,8705,4,0,29633
68240,1,1,2005,0,0,0,0,0,0
68265,0,0,0,1,0,2443,0,0,0
68688,0,0,0,1,2,8596,0,0,0
68720,0,0,0,1,1,2339,0,0,0
68800,1,0,6510,0,0,0,0,0,0
68866,1,0,6824,0,0,0,0,0,0
68922,1,1,2339,1,1,2079,1,1,2404
69059,0,0,0,1,2,9747,1,2,10397
69073,1,1,2209,0,0,0,0,0,0
69202,0,0,0,1,1,2469,1,1,2534
69332,0,0,0,0,0,0,1,2,3767
69366,1,0,5522,0,0,0,0,0,0
69402,1,1,2852,0,0,0,0,0,0
69450,4,2,8381,0,0,0,0,0,0
69522,0,0,0,1,1,1936,0,0,0
69586,0,0,0,0,0,0,1,1,2006
69610,1,1,9554,0,0,0,0,0,0
69650,0,0,0,0,0,0,1,3,4091
69680,0,0,0,0,0,0,1,0,3964
69723,0,0,0,1,1,1494,0,0,0
69750,3,1,10332,0,0,0,0,0,0
69769,1,1,3119,0,0,0,0,0,0
69807,0,0,0,1,2,4027,0,0,0
69881,0,0,0,1,0,3379,0,0,0
69975,0,0,0,1,1,1689,0,0,0
70196,0,0,0,1,0,2339,0,0,0
70262,0,0,0,0,0,0,1,1,1169
70263,0,0,0,1,1,3416,0,0,0
70558,0,0,0,0,0,0,1,1,3184
70651,0,0,0,0,0,0,3,3,7992
70892,1,1,2664,0,0,0,0,0,0
70944,0,0,0,1,2,4677,0,0,0
71170,1,2,2987,0,0,0,0,0,0
71320,0,0,0,0,0,0,1,0,2534
71338,1,1,2404,0,0,0,0,0,0
71382,2,4,9159,1,2,4540,3,5,11628
71428,1,1,3899,1,3,7925,0,0,0
71704,1,1,1754,1,1,2144,0,0,0
71766,0,0,0,0,0,0,1,1,1624
71800,1,0,1594,1,1,1386,0,0,0
71922,2,2,8574,0,0,0,0,0,0
71982,0,0,0,1,0,2989,0,0,0
71996,1,2,5457,1,0,17351,0,0,0
72025,1,1,2534,0,0,0,0,0,0
72061,0,0,0,2,2,7018,1,1,3054
72165,0,0,0,0,0,0,1,1,4224
72186,0,0,0,1,0,2327,0,0,0
72253,1,0,3054,2,0,5523,0,0,0
72648,1,1,1949,3,2,6713,0,0,0
72656,2,4,23910,0,0,0,0,0,0
72674,1,3,11384,0,0,0,0,0,0
72807,2,1,6173,0,0,0,0,0,0
72844,0,0,0,1,1,4593,1,1,4159
72883,0,0,0,1,1,2534,0,0,0
73006,0,0,0,4,2,17675,0,0,0
73042,1,2,3897,0,0,0,0,0,0
73065,0,0,0,0,0,0,1,1,2209
73181,0,0,0,0,0,0,2,3,6626
73210,0,0,0,1,1,4354,0,0,0
73278,0,0,0,1,1,1299,0,0,0
73651,0,0,0,0,0,0,1,1,2274
73708,1,1,3588,0,0,0,0,0,0
73873,0,0,0,0,0,0,1,0,19492
73902,0,0,0,1,0,2664,0,0,0
74224,0,0,0,0,0,0,1,1,3964
74325,2,1,3362,0,0,0,0,0,0
74343,0,0,0,1,0,2404,0,0,0
74427,0,0,0,2,0,7731,0,0,0
74628,1,0,3054,0,0,0,0,0,0
74653,1,1,3444,2,2,6628,0,0,0
74860,4,2,9811,4,2,10526,3,6,33975
75070,2,0,4028,0,0,0,0,0,0
75121,1,0,9812,0,0,0,0,0,0
75141,0,0,0,1,1,2274,0,0,0
75155,0,0,0,0,0,0,1,1,1494
75173,0,0,0,1,1,2729,0,0,0
75174,0,0,0,0,0,0,1,1,1299
75341,0,0,0,1,2,3897,0,0,0
75795,0,0,0,1,2,3656,0,0,0
75870,2,1,4567,0,0,0,1,0,2079
75928,2,0,4688,0,0,0,0,0,0
75950,1,1,2079,0,0,0,0,0,0
76046,0,0,0,1,0,3316,1,0,2924
76262,0,0,0,1,1,3588,0,0,0
76269,0,0,0,1,0,7537,0,0,0
76337,0,0,0,0,0,0,1,1,2599
76528,0,0,0,0,0,0,1,0,2794
76786,0,0,0,1,0,2144,0,0,0
76836,0,0,0,0,0,0,1,2,4347
76847,0,0,0,0,0,0,1,2,4157
76850,1,1,1104,0,0,0,0,0,0
76858,0,0,0,0,0,0,1,1,1819
76893,0,0,0,0,0,0,1,0,2274
76917,0,0,0,1,1,1754,0,0,0
77061,0,0,0,1,0,4547,1,1,2859
77175,0,0,0,1,2,3557,0,0,0
77179,3,9,23383,7,28,82708,0,0,0
77525,2,1,3768,0,0,0,0,0,0
77745,5,1,33755,3,0,31727,5,1,51006
77837,1,0,10331,0,0,0,0,0,0
77901,0,0,0,1,1,2573,1,1,2675
77935,1,1,1949,0,0,0,1,1,2014
78264,1,0,3509,0,0,0,0,0,0
78365,0,0,0,7,7,16308,12,12,28196
78447,0,0,0,1,0,7322,0,0,0
78454,2,0,4046,0,0,0,0,0,0
78626,1,1,3444,0,0,0,0,0,0
78628,1,1,2206,0,0,0,0,0,0
78645,1,0,2469,0,0,0,0,0,0
78646,1,1,2903,0,0,0,0,0,0
78706,0,0,0,1,1,1949,0,0,0
78708,0,0,0,2,1,7016,0,0,0
78900,1,1,2133,0,0,0,0,0,0
78903,0,0,0,1,2,8382,0,0,0
78914,1,1,2209,0,0,0,0,0,0
79319,0,0,0,1,0,2339,0,0,0
79346,0,0,0,1,1,4874,0,0,0
79348,1,1,2989,0,0,0,0,0,0
79360,1,1,2209,0,0,0,1,1,2664
79414,0,0,0,0,0,0,1,1,2014
79434,0,0,0,1,1,3639,0,0,0
79500,0,0,0,1,2,5018,0,0,0
79732,0,0,0,1,0,2339,0,0,0
80607,1,1,1819,0,0,0,0,0,0
80621,1,0,3169,0,0,0,0,0,0
81387,0,0,0,0,0,0,1,3,8385
81480,1,0,2079,0,0,0,0,0,0
81637,1,1,1949,0,0,0,0,0,0
81672,1,0,2404,0,0,0,0,0,0
81709,1,0,2192,0,0,0,0,0,0
81775,3,1,7147,0,0,0,1,0,2674
82026,0,0,0,0,0,0,1,1,1949
82104,0,0,0,1,0,1754,0,0,0
82195,0,0,0,1,0,2534,0,0,0
82206,0,0,0,1,1,3964,0,0,0
82240,1,0,10397,0,0,0,0,0,0
82622,1,1,2729,0,0,0,0,0,0
82641,0,0,0,0,0,0,1,0,6497
82702,2,2,11434,0,0,0,0,0,0
82864,0,0,0,0,0,0,1,1,2773
82881,1,2,6627,0,0,0,2,0,21052
83024,0,0,0,1,0,2144,0,0,0
83178,0,0,0,0,0,0,1,0,2534
83467,1,1,2274,0,0,0,0,0,0
83516,0,0,0,1,1,2664,0,0,0
83686,1,1,2404,0,0,0,1,0,1949
83735,1,1,2079,1,1,2209,0,0,0
83841,2,2,13095,0,0,0,0,0,0
83896,1,1,5849,1,2,5132,0,0,0
83992,0,0,0,0,0,0,1,2,3739
84259,1,1,3379,0,0,0,0,0,0
84287,0,0,0,0,0,0,1,0,3189
84630,0,0,0,1,6,16240,0,0,0
85093,0,0,0,1,1,2794,0,0,0
85307,1,0,5719,0,0,0,0,0,0
85351,1,2,3684,0,0,0,0,0,0
85376,1,1,2729,0,0,0,3,2,5002
85412,1,0,2231,2,2,4487,1,1,1888
85427,0,0,0,0,0,0,1,1,2599
85431,0,0,0,1,1,2534,1,0,2171
85555,1,0,22870,1,4,11710,0,0,0
85562,1,1,2664,0,0,0,0,0,0
85588,0,0,0,0,0,0,1,1,1594
85699,0,0,0,1,1,4354,0,0,0
85715,1,0,4399,0,0,0,0,0,0
85876,1,14,25644,0,0,0,0,0,0
85993,0,0,0,2,1,4288,0,0,0
86029,0,0,0,1,1,3769,0,0,0
86098,1,1,2599,0,0,0,1,0,3444
86187,0,0,0,1,1,2469,0,0,0
86258,0,0,0,0,0,0,1,1,1754
86273,0,0,0,1,1,2469,0,0,0
86311,1,1,3199,0,0,0,0,0,0
86456,0,0,0,1,2,4092,0,0,0
86555,0,0,0,0,0,0,1,1,1885
86676,0,0,0,0,0,0,1,1,2209
86713,0,0,0,0,0,0,1,1,1594
86742,1,2,3962,0,0,0,0,0,0
86889,0,0,0,1,0,1732,0,0,0
87053,0,0,0,0,0,0,1,0,2751
87218,1,0,83538,0,0,0,0,0,0
87373,0,0,0,1,0,4352,0,0,0
87662,1,2,5977,0,0,0,0,0,0
87679,1,2,3117,0,0,0,1,1,1559
87734,0,0,0,1,1,2339,1,1,2664
87764,5,2,8705,0,0,0,0,0,0
87768,3,5,28368,0,0,0,1,1,2859
88044,0,0,0,0,0,0,1,2,12217
88392,1,3,9676,0,0,0,0,0,0
88424,0,0,0,1,0,2014,1,1,1364
88586,0,0,0,0,0,0,1,1,2274
88692,0,0,0,0,0,0,1,0,29887
88774,1,4,31585,0,0,0,0,0,0
88846,0,0,0,0,0,0,1,1,2924
88880,0,0,0,0,0,0,1,0,2404
88934,0,0,0,0,0,0,2,1,3378
88939,3,3,10397,0,0,0,0,0,0
89579,2,1,15725,0,0,0,0,0,0
89798,0,0,0,0,0,0,1,3,13190
89811,1,1,1689,0,0,0,0,0,0
89928,1,2,5067,0,0,0,0,0,0
90036,2,2,9033,0,0,0,0,0,0
90112,0,0,0,2,3,7796,0,0,0
90622,0,0,0,1,1,5654,0,0,0
90625,1,1,2079,1,1,2404,0,0,0
90948,0,0,0,0,0,0,3,0,9552
91083,1,1,2534,0,0,0,0,0,0
91232,0,0,0,1,0,1819,0,0,0
91545,0,0,0,0,0,0,1,0,7796
91632,0,0,0,1,2,4417,0,0,0
91702,1,1,2794,0,0,0,0,0,0
91912,0,0,0,0,0,0,2,2,3649
91936,0,0,0,0,0,0,1,0,4354
92056,0,0,0,0,0,0,1,0,1906
92309,1,0,2079,0,0,0,0,0,0
92416,0,0,0,0,0,0,1,1,4224
92417,0,0,0,1,1,2079,0,0,0
92430,0,0,0,0,0,0,1,0,2274
92482,1,1,2404,0,0,0,0,0,0
92557,0,0,0,0,0,0,1,1,2924
92590,1,0,3119,0,0,0,0,0,0
92694,0,0,0,2,1,5588,0,0,0
92904,4,2,12021,0,0,0,0,0,0
93021,0,0,0,3,2,9747,0,0,0
93144,1,0,1732,0,0,0,0,0,0
93174,0,0,0,0,0,0,1,1,2181
93264,1,1,1300,0,0,0,0,0,0
93346,0,0,0,1,1,3574,0,0,0
93351,0,0,0,1,1,2687,0,0,0
93374,0,0,0,2,4,7679,0,0,0
93508,0,0,0,0,0,0,1,0,1624
93801,0,0,0,1,1,2220,0,0,0
94034,1,0,2811,0,0,0,0,0,0
94128,0,0,0,0,0,0,1,1,1819
94377,1,1,3576,1,1,2274,0,0,0
94413,0,0,0,1,1,3184,0,0,0
94430,0,0,0,1,0,6626,0,0,0
94477,0,0,0,0,0,0,1,1,1819
94520,0,0,0,1,2,4441,0,0,0
94861,0,0,0,1,1,2599,0,0,0
95107,0,0,0,0,0,0,1,0,2664
95113,1,3,6626,0,0,0,0,0,0
95174,1,1,2092,0,0,0,0,0,0
95557,0,0,0,1,2,6887,0,0,0
95960,0,0,0,1,1,2553,0,0,0
96027,0,0,0,0,0,0,1,2,3247
96030,0,0,0,1,2,4612,1,0,2599
96106,1,3,6431,0,0,0,0,0,0
96349,0,0,0,0,0,0,1,1,1559
96563,1,1,2274,0,0,0,1,1,2339
96585,0,0,0,0,0,0,2,3,7926
96803,0,0,0,1,3,8510,0,0,0
97046,1,0,3184,0,0,0,0,0,0
97164,1,1,2276,0,0,0,0,0,0
97348,0,0,0,0,0,0,1,1,3524
97561,0,0,0,0,0,0,1,0,1661
97682,1,0,5214,0,0,0,0,0,0
97745,0,0,0,1,0,2339,0,0,0
97775,2,1,6101,0,0,0,0,0,0
97841,0,0,0,1,0,2685,0,0,0
98247,0,0,0,0,0,0,1,1,1871
98294,1,1,1949,1,0,2404,0,0,0
98338,1,0,2924,0,0,0,0,0,0
98373,2,1,3768,0,0,0,0,0,0
98551,0,0,0,1,1,2339,0,0,0
98717,0,0,0,0,0,0,1,0,4217
98742,0,0,0,0,0,0,2,2,7278
98785,0,0,0,1,1,2924,0,0,0
98876,0,0,0,0,0,0,1,1,3249
99071,0,0,0,1,2,5652,0,0,0
99316,1,3,7391,0,0,0,0,0,0
99396,1,1,2144,1,1,2404,0,0,0
99420,0,0,0,0,0,0,1,1,1794
99465,0,0,0,0,0,0,1,4,10135
99730,0,0,0,0,0,0,1,0,10847
99794,1,1,2042,0,0,0,0,0,0
99817,0,0,0,0,0,0,2,2,4562
100139,1,2,8447,0,0,0,2,2,21572
100197,0,0,0,0,0,0,1,1,1884
100201,1,0,2014,0,0,0,0,0,0
100305,0,0,0,1,2,5392,0,0,0
100336,0,0,0,0,0,0,1,1,2795
100536,1,0,2404,0,0,0,0,0,0
100627,2,0,7668,0,0,0,0,0,0
100771,0,0,0,0,0,0,2,2,4688
100829,0,0,0,0,0,0,1,2,4287
100836,1,0,3637,0,0,0,0,0,0
100935,0,0,0,0,0,0,1,1,2209
100962,1,0,2094,0,0,0,0,0,0
101051,0,0,0,1,1,2924,0,0,0
101088,0,0,0,0,0,0,1,0,2274
101173,0,0,0,0,0,0,4,9,26305
101446,0,0,0,2,0,4548,0,0,0
101548,3,1,5524,0,0,0,0,0,0
101625,2,1,3703,0,0,0,1,1,1884
101925,1,0,12667,0,0,0,0,0,0
102430,1,0,2469,0,0,0,0,0,0
102620,0,0,0,0,0,0,1,1,3374
102793,0,0,0,1,1,5199,0,0,0
103003,1,0,2977,0,0,0,0,0,0
103227,0,0,0,1,0,3117,0,0,0
103317,1,1,2236,0,0,0,0,0,0
103992,0,0,0,0,0,0,1,1,1819
104160,0,0,0,3,6,62711,0,0,0
104479,0,0,0,0,0,0,1,0,2313
104980,0,0,0,2,1,2868,0,0,0
105035,0,0,0,0,0,0,1,2,4807
105268,0,0,0,0,0,0,3,0,15636
105510,1,1,2783,0,0,0,0,0,0
105620,0,0,0,3,2,8772,0,0,0
105919,0,0,0,1,0,5533,0,0,0
106080,0,0,0,0,0,0,1,1,2014
106125,0,0,0,0,0,0,2,0,6044
106210,5,3,12679,3,1,9355,2,3,8944
106295,0,0,0,1,1,2924,0,0,0
106307,1,2,2795,0,0,0,0,0,0
106487,0,0,0,0,0,0,1,0,3899
106508,0,0,0,3,2,8447,0,0,0
106583,0,0,0,1,1,4484,0,0,0
106720,0,0,0,1,0,9682,0,0,0
106764,1,0,2274,0,0,0,1,1,2209
106867,0,0,0,0,0,0,1,4,7535
106973,2,0,6043,0,0,0,1,0,2729
106977,1,0,2534,0,0,0,1,0,2469
107041,0,0,0,2,1,5004,1,0,2664
107073,2,1,5416,0,0,0,0,0,0
107105,1,2,4488,0,0,0,0,0,0
107187,1,1,3704,0,0,0,0,0,0
107622,0,0,0,1,1,2664,0,0,0
107631,1,1,3509,0,0,0,0,0,0
107726,2,2,19624,0,0,0,0,0,0
107937,0,0,0,0,0,0,1,0,2404
108129,2,2,5003,0,0,0,0,0,0
108140,0,0,0,0,0,0,1,0,2209
108169,1,0,1949,0,0,0,0,0,0
108360,2,1,5068,2,1,4223,4,1,9321
108885,1,0,3563,1,0,5524,0,0,0
109075,1,1,1884,0,0,0,2,2,3638
109142,0,0,0,1,1,2794,0,0,0
109230,0,0,0,0,0,0,2,1,3508
109602,0,0,0,1,0,2664,0,0,0
109945,1,0,7082,0,0,0,0,0,0
109970,0,0,0,0,0,0,1,1,2079
109973,2,1,4743,0,0,0,1,0,1840
110246,1,1,1949,0,0,0,0,0,0
110256,0,0,0,0,0,0,2,2,3375
110402,1,0,1949,0,0,0,0,0,0
110482,0,0,0,2,9,17216,0,0,0
110650,0,0,0,0,0,0,1,1,2079
110810,0,0,0,1,1,1884,0,0,0
111098,1,1,2664,1,0,3487,0,0,0
111153,1,1,2599,0,0,0,0,0,0
111743,0,0,0,0,0,0,1,0,2014
111771,0,0,0,0,0,0,1,0,2469
111950,1,1,2729,1,0,3588,1,0,2197
112239,0,0,0,0,0,0,1,0,6739
112410,0,0,0,1,0,2469,0,0,0
112455,0,0,0,0,0,0,1,1,1754
112514,0,0,0,1,0,10785,0,0,0
112615,3,2,11755,0,0,0,0,0,0
112619,0,0,0,3,0,8577,0,0,0
112633,1,0,3379,0,0,0,0,0,0
112913,1,4,26255,0,0,0,0,0,0
112916,1,2,7093,0,0,0,1,1,2274
113593,0,0,0,0,0,0,1,0,1819
113777,0,0,0,0,0,0,1,1,1798
113815,0,0,0,2,2,7148,0,0,0
113889,2,2,4257,1,1,1754,3,3,6261
113931,0,0,0,1,2,13387,0,0,0
114013,2,0,13449,0,0,0,2,0,6368
114316,2,0,4808,1,1,2274,0,0,0
114366,0,0,0,1,0,2209,0,0,0
114490,1,1,2339,1,1,2079,2,2,4288
114763,1,0,4614,0,0,0,0,0,0
115233,0,0,0,1,2,10527,0,0,0
115308,0,0,0,0,0,0,5,5,18253
115430,0,0,0,0,0,0,1,1,2891
115548,1,0,5456,0,0,0,0,0,0
115643,0,0,0,0,0,0,1,1,2794
116003,0,0,0,0,0,0,1,1,2469
116321,0,0,0,0,0,0,1,1,2079
116379,0,0,0,1,1,2274,0,0,0
116485,0,0,0,0,0,0,1,1,1950
116510,0,0,0,1,1,1884,0,0,0
116513,0,0,0,0,0,0,1,1,1386
116791,1,0,1689,0,0,0,0,0,0
116920,0,0,0,0,0,0,1,1,2179
117378,1,2,5717,1,1,2274,1,0,7277
117528,0,0,0,0,0,0,2,0,5280
117555,0,0,0,1,0,9617,0,0,0
117605,1,2,3461,0,0,0,0,0,0
118052,0,0,0,0,0,0,1,2,4612
118118,1,1,4224,0,0,0,0,0,0
118644,0,0,0,0,0,0,1,2,4612
118645,0,0,0,1,0,1560,0,0,0
118825,0,0,0,0,0,0,1,1,2924
118827,0,0,0,1,0,2404,3,1,5262
118918,0,0,0,0,0,0,1,0,2144
119048,1,0,3227,0,0,0,0,0,0
119112,3,1,6302,0,0,0,1,0,2053
119314,1,0,2404,0,0,0,0,0,0
119441,1,0,18194,0,0,0,0,0,0
119466,3,0,9617,2,0,4483,0,0,0
119500,3,2,6466,0,0,0,0,0,0
119565,2,2,6498,1,1,3314,0,0,0
119652,0,0,0,0,0,0,1,0,3444
119697,0,0,0,0,0,0,1,2,6399
119953,0,0,0,1,0,7797,0,0,0
120340,2,2,13323,1,0,2600,1,0,4549
120371,1,1,3184,0,0,0,0,0,0
120625,1,1,2058,1,0,2339,0,0,0
121362,0,0,0,1,0,6821,0,0,0
121394,1,2,3726,0,0,0,0,0,0
121442,0,0,0,1,0,1299,0,0,0
121461,0,0,0,2,0,10134,0,0,0
121464,1,1,3509,0,0,0,4,0,12764
121536,0,0,0,1,0,1884,0,0,0
121598,1,2,6562,0,0,0,0,0,0
121674,1,2,10917,0,0,0,0,0,0
121698,0,0,0,1,1,2354,1,1,2293
121788,0,0,0,0,0,0,1,0,2664
122076,0,0,0,0,0,0,1,1,1494
122111,0,0,0,2,2,11369,0,0,0
122286,0,0,0,0,0,0,2,1,6108
122311,0,0,0,0,0,0,1,0,6041
122472,1,1,3249,0,0,0,0,0,0
122482,0,0,0,0,0,0,1,0,1689
122529,0,0,0,0,0,0,1,3,7796
122584,2,4,16114,2,3,19556,3,5,15398
122587,1,1,1949,0,0,0,0,0,0
122969,0,0,0,1,1,2144,0,0,0
122970,0,0,0,0,0,0,2,3,11374
123102,0,0,0,1,1,1836,0,0,0
123820,1,1,2079,0,0,0,0,0,0
123857,0,0,0,0,0,0,1,1,2794
123932,1,1,3899,0,0,0,0,0,0
123989,0,0,0,0,0,0,1,1,2144
124084,0,0,0,1,0,2989,0,0,0
124236,0,0,0,0,0,0,1,2,5067
124252,0,0,0,2,1,6164,0,0,0
124286,0,0,0,0,0,0,1,0,3184
124293,0,0,0,0,0,0,1,1,2561
124446,0,0,0,0,0,0,1,0,10137
124801,1,0,3379,0,0,0,0,0,0
125092,1,1,1559,1,1,2664,0,0,0
125127,1,0,6174,0,0,0,0,0,0
125141,1,0,1732,0,0,0,0,0,0
125282,0,0,0,0,0,0,1,1,1743
126313,2,2,6043,0,0,0,0,0,0
126315,1,6,16372,0,0,0,0,0,0
126588,0,0,0,2,2,7343,5,5,18260
126821,2,3,7991,2,0,6561,0,0,0
126952,0,0,0,1,0,2404,0,0,0
126993,0,0,0,0,0,0,2,1,5588
127103,0,0,0,0,0,0,1,1,1884
127171,0,0,0,7,3,182947,0,0,0
127299,0,0,0,0,0,0,1,1,2599
127446,1,1,2599,0,0,0,0,0,0
127496,0,0,0,0,0,0,1,0,3008
127661,1,7,14551,0,0,0,0,0,0
127745,0,0,0,1,2,5983,0,0,0
127850,3,1,6778,0,0,0,0,0,0
127919,1,1,1559,0,0,0,0,0,0
128016,0,0,0,1,0,2404,0,0,0
128226,1,3,7406,1,1,2534,0,0,0
128513,1,1,2050,0,0,0,0,0,0
128523,0,0,0,0,0,0,1,0,3388
128524,0,0,0,0,0,0,1,1,2079
128702,2,1,4298,0,0,0,0,0,0
128782,1,0,3249,0,0,0,0,0,0
128795,0,0,0,1,1,2079,0,0,0
128921,1,0,1620,0,0,0,0,0,0
128934,0,0,0,0,0,0,1,2,3897
128997,0,0,0,1,2,3819,0,0,0
129101,0,0,0,1,0,2144,0,0,0
129331,0,0,0,1,3,7960,0,0,0
129346,0,0,0,1,4,12605,0,0,0
129376,1,0,2404,1,1,2852,1,1,2469
129377,0,0,0,0,0,0,2,3,7731
129595,0,0,0,0,0,0,4,0,30951
129675,0,0,0,1,1,1884,2,2,10656
129987,0,0,0,1,1,3084,0,0,0
130031,1,1,1949,0,0,0,0,0,0
130034,1,0,7797,0,0,0,1,2,5587
130118,1,0,4029,0,0,0,0,0,0
130164,0,0,0,1,0,4549,0,0,0
130583,0,0,0,0,0,0,1,1,4029
130739,0,0,0,2,2,4743,1,1,2404
130844,1,0,3704,0,0,0,0,0,0
130893,0,0,0,0,0,0,1,0,2664
130908,0,0,0,3,9,18123,0,0,0
131261,2,1,6368,2,2,5523,0,0,0
131959,0,0,0,1,2,7667,0,0,0
132149,0,0,0,0,0,0,1,2,7374
132187,1,1,2079,0,0,0,1,1,1494
132205,0,0,0,1,0,3868,0,0,0
132447,1,2,11177,0,0,0,0,0,0
132459,0,0,0,0,0,0,1,1,1712
132542,0,0,0,0,0,0,1,1,2392
132693,0,0,0,0,0,0,1,0,1741
132914,0,0,0,1,3,8966,0,0,0
132971,1,2,9097,0,0,0,0,0,0
133115,3,6,13837,1,1,2144,2,2,8444
133215,1,0,5457,0,0,0,0,0,0
133250,2,2,6693,1,1,3099,0,0,0
133399,3,10,22111,1,4,8835,0,0,0
133407,0,0,0,1,2,5717,0,0,0
133499,0,0,0,0,0,0,1,1,2404
133740,1,3,8206,0,0,0,0,0,0
133863,0,0,0,0,0,0,2,1,8708
133948,0,0,0,1,1,1949,0,0,0
134014,0,0,0,1,0,3062,0,0,0
134107,0,0,0,1,1,3054,0,0,0
134266,0,0,0,1,0,2773,0,0,0
134314,0,0,0,0,0,0,1,1,2404
134413,1,0,3054,2,1,6108,3,0,10493
134416,0,0,0,0,0,0,2,2,3870
134588,1,0,2989,0,0,0,0,0,0
134836,2,2,5848,4,0,11826,1,0,2599
134918,1,1,2253,0,0,0,0,0,0
134930,0,0,0,0,0,0,1,0,9237
135369,0,0,0,0,0,0,1,1,2274
135454,0,0,0,1,1,2209,0,0,0
135460,2,1,9799,0,0,0,0,0,0
135672,0,0,0,1,0,3184,0,0,0
135873,1,1,1559,2,3,6561,0,0,0
135886,0,0,0,1,1,2209,0,0,0
136094,0,0,0,2,1,8188,1,0,3509
136170,1,1,3184,0,0,0,1,0,1884
136424,0,0,0,2,3,8237,0,0,0
136431,3,2,6952,0,0,0,0,0,0
136456,1,1,1559,0,0,0,0,0,0
136459,0,0,0,0,0,0,1,0,1733
136602,0,0,0,0,0,0,1,1,1689
137026,0,0,0,1,3,13190,0,0,0
137032,0,0,0,0,0,0,9,8,14682
137078,1,0,4742,0,0,0,0,0,0
137115,1,1,1884,0,0,0,0,0,0
137366,1,1,3314,0,0,0,0,0,0
137438,1,0,6698,0,0,0,0,0,0
137492,8,7,15986,7,6,15467,3,3,6367
137548,1,1,2469,0,0,0,0,0,0
137573,2,0,5393,1,0,2144,0,0,0
137777,0,0,0,1,0,1689,0,0,0
137899,0,0,0,0,0,0,1,1,2209
137974,2,2,4223,0,0,0,0,0,0
138055,1,1,3249,1,0,3314,0,0,0
138286,0,0,0,1,1,3054,1,1,2794
138423,0,0,0,1,2,3471,1,3,5733
138579,1,0,91962,0,0,0,0,0,0
138882,2,2,5781,0,0,0,0,0,0
139191,0,0,0,0,0,0,1,0,2014
139275,0,0,0,1,1,2534,0,0,0
139383,0,0,0,1,1,1884,1,1,1949
139399,0,0,0,0,0,0,1,0,9677
139421,0,0,0,0,0,0,1,0,1494
139495,0,0,0,0,0,0,3,2,16575
139513,0,0,0,1,0,10837,2,2,9298
139526,0,0,0,0,0,0,1,1,3444
139720,2,0,12539,0,0,0,0,0,0
139865,1,0,2664,1,3,14555,0,0,0
140493,12,0,51264,8,0,40895,13,0,77644
140507,1,0,5327,0,0,0,1,2,5792
140525,0,0,0,0,0,0,1,0,1754
140961,2,1,4782,1,0,1905,0,0,0
141064,1,0,2209,1,0,1949,0,0,0
141201,0,0,0,1,1,1819,0,0,0
141329,0,0,0,0,0,0,2,1,6322
141373,2,2,4223,0,0,0,1,2,3702
141430,0,0,0,1,0,2209,0,0,0
141491,1,1,2274,0,0,0,0,0,0
141740,1,0,2404,0,0,0,3,2,6317
141761,1,0,1754,0,0,0,0,0,0
141952,0,0,0,0,0,0,1,1,2209
142058,0,0,0,0,0,0,1,2,7017
142186,1,1,1732,0,0,0,1,1,1949
142194,0,0,0,0,0,0,1,0,3119
142265,1,0,2989,0,0,0,0,0,0
142291,0,0,0,0,0,0,1,2,8252
142383,0,0,0,1,3,12086,0,0,0
142432,0,0,0,1,2,5197,0,0,0
142556,0,0,0,1,1,2534,0,0,0
142597,0,0,0,2,2,4548,0,0,0
142628,0,0,0,0,0,0,1,1,1559
142836,0,0,0,0,0,0,1,0,6174
142920,0,0,0,1,0,5457,0,0,0
143053,0,0,0,0,0,0,2,1,3947
143110,0,0,0,1,1,4744,0,0,0
143237,1,0,2599,0,0,0,0,0,0
143278,0,0,0,1,2,3832,0,0,0
143338,8,8,17087,0,0,0,0,0,0
143748,0,0,0,0,0,0,2,1,6265
143913,0,0,0,0,0,0,1,1,2859
143969,1,2,5977,0,0,0,0,0,0
143977,2,2,8054,0,0,0,0,0,0
144052,0,0,0,0,0,0,1,1,1949
144056,0,0,0,2,1,4938,0,0,0
144450,1,1,3509,0,0,0,0,0,0
144642,1,1,2079,0,0,0,0,0,0
144682,0,0,0,0,0,0,1,2,7927
144909,0,0,0,1,0,4289,1,2,8057
145095,0,0,0,0,0,0,1,0,3812
145104,0,0,0,1,1,2859,0,0,0
145478,0,0,0,2,2,3946,0,0,0
145486,1,0,4939,0,0,0,0,0,0
145504,1,2,3510,0,0,0,0,0,0
145519,0,0,0,0,0,0,1,0,4937
145528,0,0,0,1,0,2924,0,0,0
145651,0,0,0,0,0,0,1,1,3588
145744,2,1,4613,1,1,2339,3,3,6432
145776,0,0,0,1,0,2599,0,0,0
145809,0,0,0,1,1,1689,0,0,0
145838,0,0,0,2,2,3814,2,2,3818
146507,0,0,0,0,0,0,1,0,2924
146584,1,0,2079,0,0,0,0,0,0
146588,1,1,2859,0,0,0,0,0,0
146622,2,2,3963,2,2,4908,6,4,12084
146718,0,0,0,1,1,2859,0,0,0
146846,0,0,0,1,0,4843,0,0,0
146873,0,0,0,1,0,3119,0,0,0
147037,0,0,0,1,2,16117,0,0,0
147059,0,0,0,1,1,2239,2,2,5781
147278,0,0,0,0,0,0,1,1,2469
147285,0,0,0,0,0,0,1,1,2289
147455,0,0,0,1,1,3249,0,0,0
147466,0,0,0,0,0,0,1,0,2014
147516,0,0,0,0,0,0,1,1,1871
148025,0,0,0,1,1,1594,3,3,6690
148274,1,2,4547,0,0,0,1,3,7601
148275,1,1,1314,0,0,0,1,1,1039
148431,2,2,7018,0,0,0,0,0,0
148880,0,0,0,2,4,23849,0,0,0
149015,0,0,0,0,0,0,3,9,18951
149163,0,0,0,0,0,0,2,4,7405
149241,1,1,2989,0,0,0,0,0,0
149275,0,0,0,0,0,0,1,1,3769
149420,0,0,0,1,2,8713,0,0,0
149975,0,0,0,0,0,0,1,0,2192
150171,1,0,3509,0,0,0,0,0,0
150206,0,0,0,0,0,0,1,3,7145
150469,0,0,0,0,0,0,2,0,5913
150731,1,0,26512,0,0,0,0,0,0
150771,3,1,7147,1,1,2404,1,1,2339
150865,1,0,4484,0,0,0,0,0,0
151151,0,0,0,0,0,0,1,0,3897
151220,1,2,3897,0,0,0,0,0,0
151259,0,0,0,1,0,2913,0,0,0
151502,1,0,2339,0,0,0,0,0,0
151526,1,0,3704,0,0,0,0,0,0
151754,1,1,1884,0,0,0,2,0,7731
151804,1,0,3236,0,0,0,0,0,0
151818,1,1,2274,0,0,0,0,0,0
152174,0,0,0,0,0,0,1,0,5195
152224,0,0,0,1,0,1594,0,0,0
152290,1,1,2664,0,0,0,0,0,0
152455,1,0,6201,0,0,0,0,0,0
152685,1,0,2757,0,0,0,0,0,0
153421,6,0,19589,0,0,0,0,0,0
153485,0,0,0,0,0,0,2,1,3798
153664,0,0,0,0,0,0,1,1,3444
153697,0,0,0,1,1,2209,0,0,0
153758,0,0,0,2,1,4851,1,1,1594
153825,0,0,0,0,0,0,1,2,8577
153931,1,0,2079,1,0,2079,4,2,7543
153945,0,0,0,1,6,25732,0,0,0
154070,0,0,0,0,0,0,1,0,2469
154121,0,0,0,1,2,5717,0,0,0
154248,2,0,4288,0,0,0,0,0,0
154316,0,0,0,1,0,4354,0,0,0
154473,1,1,2924,0,0,0,0,0,0
154563,0,0,0,1,0,5392,0,0,0
154660,0,0,0,1,0,3682,0,0,0
154668,0,0,0,1,0,3588,0,0,0
154793,0,0,0,0,0,0,3,5,15275
154812,0,0,0,1,0,1494,0,0,0
154852,0,0,0,1,1,2794,0,0,0
154952,3,2,5496,0,0,0,0,0,0
155069,0,0,0,2,1,4548,0,0,0
155124,3,0,12280,0,0,0,0,0,0
155152,0,0,0,0,0,0,1,1,2274
155186,1,1,1884,2,3,6366,0,0,0
155740,1,0,3769,0,0,0,0,0,0
155955,1,0,1884,0,0,0,0,0,0
156140,0,0,0,1,0,2534,1,0,8642
156506,0,0,0,0,0,0,1,1,2144
156740,0,0,0,1,1,2339,0,0,0
156920,1,0,3379,0,0,0,0,0,0
157067,0,0,0,1,1,2209,0,0,0
158040,1,0,6107,0,0,0,0,0,0
158172,0,0,0,0,0,0,1,1,2228
158173,1,1,4744,0,0,0,0,0,0
158191,0,0,0,1,1,2599,0,0,0
158276,1,1,4549,0,0,0,0,0,0
158427,0,0,0,0,0,0,7,18,90325
158527,0,0,0,3,3,13076,0,0,0
159297,1,0,14815,0,0,0,0,0,0
159422,1,1,2102,0,0,0,0,0,0
159431,0,0,0,1,1,3379,0,0,0
159448,0,0,0,0,0,0,1,5,8860
159558,0,0,0,0,0,0,1,0,5585
159675,1,0,6237,0,0,0,0,0,0
159873,0,0,0,1,0,2469,0,0,0
160056,0,0,0,1,1,2729,0,0,0
160269,0,0,0,1,1,1594,0,0,0
160469,1,0,2014,0,0,0,0,0,0
160482,0,0,0,0,0,0,1,0,3314
160575,1,0,2339,0,0,0,0,0,0
160596,0,0,0,1,1,3054,0,0,0
160722,1,1,1819,1,1,1624,1,1,1494
161137,0,0,0,0,0,0,1,1,1386
161206,1,1,2859,1,1,2924,0,0,0
161333,1,1,1559,0,0,0,0,0,0
161755,1,0,1949,0,0,0,0,0,0
161789,0,0,0,0,0,0,1,1,4159
161884,0,0,0,0,0,0,2,4,18129
161917,0,0,0,0,0,0,1,1,2491
162144,2,2,9486,1,0,3249,2,2,5978
162206,0,0,0,0,0,0,1,1,2534
162220,1,1,3985,0,0,0,0,0,0
162221,1,0,14035,0,0,0,0,0,0
162418,1,1,4029,0,0,0,0,0,0
162534,0,0,0,0,0,0,1,1,3119
162560,0,0,0,3,2,25521,0,0,0
162631,0,0,0,0,0,0,1,1,3366
162727,1,1,2664,2,1,6303,0,0,0
162890,3,2,6887,1,1,2014,2,0,4483
162892,0,0,0,1,1,3416,0,0,0
162896,1,2,3463,0,0,0,0,0,0
163001,1,1,1819,0,0,0,0,0,0
163241,2,1,4028,0,0,0,3,1,6562
163261,1,0,2274,0,0,0,0,0,0
163441,1,1,2209,0,0,0,0,0,0
163562,1,1,3588,0,0,0,0,0,0
163662,0,0,0,0,0,0,1,1,2599
163768,1,2,5457,0,0,0,0,0,0
163779,1,1,3119,0,0,0,0,0,0
163829,0,0,0,0,0,0,1,2,5299
163907,0,0,0,0,0,0,1,0,4419
163945,0,0,0,1,1,1819,0,0,0
164004,0,0,0,1,1,4614,2,2,6563
164024,1,1,2924,0,0,0,0,0,0
164179,1,1,1998,0,0,0,0,0,0
164227,0,0,0,1,0,2794,0,0,0
164571,0,0,0,1,0,20787,0,0,0
164983,1,1,2785,0,0,0,0,0,0
165031,3,2,5977,2,1,3638,2,1,3963
165036,0,0,0,1,1,1888,0,0,0
165056,1,1,2469,0,0,0,0,0,0
165107,0,0,0,1,2,8388,0,0,0
165241,1,0,4677,0,0,0,0,0,0
165303,1,1,2599,1,0,2664,0,0,0
165340,0,0,0,0,0,0,2,9,24348
165419,0,0,0,1,0,3054,0,0,0
166113,0,0,0,0,0,0,1,1,1819
166201,0,0,0,1,2,6757,0,0,0
166300,1,1,5004,2,2,9878,0,0,0
166643,1,0,2664,0,0,0,0,0,0
166795,0,0,0,1,2,9097,0,0,0
166884,0,0,0,1,0,2648,0,0,0
166969,1,0,4029,0,0,0,0,0,0
167053,0,0,0,0,0,0,1,1,1819
167170,0,0,0,1,2,6367,0,0,0
167196,0,0,0,0,0,0,2,1,4000
167227,0,0,0,1,0,2404,0,0,0
167248,0,0,0,0,0,0,1,1,1754
167471,0,0,0,1,1,1594,0,0,0
168301,2,2,4808,3,3,6432,2,2,4158
168358,1,1,4419,0,0,0,0,0,0
168488,0,0,0,0,0,0,1,2,8707
168493,0,0,0,0,0,0,2,0,9748
168544,0,0,0,0,0,0,1,4,10884
168634,0,0,0,0,0,0,1,1,1962
168886,1,0,2404,0,0,0,0,0,0
168983,1,0,2201,0,0,0,0,0,0
168985,0,0,0,1,0,2209,0,0,0
169072,0,0,0,0,0,0,2,2,3768
169109,0,0,0,1,1,4159,0,0,0
169224,1,0,5654,0,0,0,0,0,0
169265,0,0,0,1,0,1990,0,0,0
169327,1,2,6482,0,0,0,0,0,0
169912,0,0,0,1,1,4586,0,0,0
170106,0,0,0,0,0,0,1,0,2924
170174,2,0,14036,7,7,31646,0,0,0
170335,0,0,0,0,0,0,1,1,2989
170646,0,0,0,2,3,5846,0,0,0
170764,0,0,0,0,0,0,2,0,7608
170766,3,0,18775,0,0,0,0,0,0
171124,1,0,2729,0,0,0,0,0,0
171180,0,0,0,1,1,1888,0,0,0
171359,1,1,2404,1,1,3704,1,1,3379
171363,1,1,1859,0,0,0,0,0,0
171463,1,3,7016,0,0,0,0,0,0
171522,0,0,0,0,0,0,1,1,1624
171586,0,0,0,1,3,10460,1,1,2040
171636,2,1,4158,0,0,0,0,0,0
171782,1,1,1754,0,0,0,0,0,0
171784,1,1,2664,1,1,3054,1,1,2014
172006,1,1,3752,0,0,0,0,0,0
172023,0,0,0,3,4,15254,3,3,9745
172055,2,2,7473,1,1,2794,0,0,0
172100,0,0,0,0,0,0,2,1,3963
172114,0,0,0,4,4,6579,2,2,3861
172411,0,0,0,3,1,14490,0,0,0
172517,0,0,0,0,0,0,1,0,4354
172653,1,0,1689,2,2,12864,0,0,0
172729,0,0,0,0,0,0,1,0,6367
173243,3,0,8780,0,0,0,4,0,7419
173334,0,0,0,1,1,2079,0,0,0
173516,0,0,0,0,0,0,1,1,3379
173521,1,3,7601,0,0,0,0,0,0
173979,0,0,0,0,0,0,2,3,5033
175573,0,0,0,0,0,0,1,1,2079
175582,0,0,0,0,0,0,1,1,2365
175626,1,0,2404,0,0,0,0,0,0
175727,0,0,0,1,1,2144,0,0,0
175856,0,0,0,0,0,0,1,1,2794
175955,0,0,0,0,0,0,3,3,6974
177132,0,0,0,1,0,24180,0,0,0
177670,2,1,3638,0,0,0,0,0,0
177699,0,0,0,0,0,0,1,0,2081
177755,1,1,2209,0,0,0,0,0,0
177898,3,1,6173,0,0,0,0,0,0
178207,0,0,0,1,0,2405,0,0,0
178334,0,0,0,1,1,2080,0,0,0
178405,1,1,2274,0,0,0,1,1,2339
178968,1,1,1819,0,0,0,0,0,0
179042,0,0,0,0,0,0,1,0,1884
179123,0,0,0,1,0,1754,0,0,0
179612,0,0,0,1,0,15077,0,0,0
179662,1,0,3964,0,0,0,0,0,0
179762,0,0,0,0,0,0,2,3,6496
179789,0,0,0,1,1,1494,1,1,1429
179812,1,1,1819,0,0,0,1,0,1708
179876,0,0,0,1,0,3054,0,0,0
179948,0,0,0,0,0,0,1,1,2404
179988,1,0,5654,0,0,0,0,0,0
180029,1,1,2404,0,0,0,0,0,0
180388,0,0,0,3,1,8387,1,1,1884
180438,0,0,0,2,0,5653,1,1,3479
180731,1,2,4607,0,0,0,1,1,2414
180948,1,1,1559,0,0,0,0,0,0
181249,1,1,1429,0,0,0,2,2,2988
181599,1,4,6360,1,3,5690,0,0,0
181737,0,0,0,1,0,4212,0,0,0
181839,1,1,1949,0,0,0,0,0,0
181852,1,1,1624,0,0,0,0,0,0
182041,1,0,1884,0,0,0,0,0,0
182276,1,1,1980,0,0,0,0,0,0
182292,0,0,0,1,1,1888,0,0,0
182418,0,0,0,0,0,0,1,0,2274
182461,1,0,9747,0,0,0,0,0,0
182491,0,0,0,2,1,6953,0,0,0
182493,1,0,2469,0,0,0,0,0,0
182513,0,0,0,0,0,0,1,0,2132
182573,0,0,0,1,0,1921,0,0,0
182602,0,0,0,1,2,8034,0,0,0
182782,0,0,0,1,0,5639,0,0,0
182807,0,0,0,1,0,2990,0,0,0
182860,1,1,2014,1,1,1884,0,0,0
182991,0,0,0,1,1,2657,0,0,0
183032,0,0,0,3,1,7932,2,1,5398
183245,1,0,5589,0,0,0,0,0,0
183351,1,4,8528,2,3,13726,0,0,0
183359,0,0,0,0,0,0,1,2,6757
183381,0,0,0,1,1,2144,0,0,0
183383,0,0,0,0,0,0,2,2,5848
183557,1,0,2599,1,0,2989,0,0,0
183580,0,0,0,0,0,0,1,0,2014
183794,0,0,0,1,2,10137,0,0,0
183919,1,1,2664,0,0,0,1,1,3224
184192,0,0,0,1,0,2794,0,0,0
184227,0,0,0,0,0,0,1,1,2274
184274,0,0,0,1,0,3419,0,0,0
184360,1,0,2989,0,0,0,0,0,0
184545,0,0,0,1,3,8186,0,0,0
184770,0,0,0,1,0,3444,0,0,0
184825,0,0,0,0,0,0,1,0,1754
184876,0,0,0,1,0,2014,0,0,0
184959,0,0,0,1,0,2274,0,0,0
185192,1,2,4157,0,0,0,0,0,0
185319,0,0,0,1,1,3588,0,0,0
185389,1,1,3054,0,0,0,0,0,0
185451,0,0,0,0,0,0,1,0,2166
185526,0,0,0,2,1,4784,0,0,0
185711,0,0,0,0,0,0,1,1,3249
186088,1,1,3314,0,0,0,0,0,0
186259,0,0,0,1,2,7363,0,0,0
186338,1,0,8445,0,0,0,0,0,0
186429,1,0,3964,0,0,0,0,0,0
186499,0,0,0,1,1,3444,0,0,0
186656,0,0,0,1,2,5847,0,0,0
186686,0,0,0,1,0,3032,0,0,0
186694,0,0,0,0,0,0,2,4,15410
186697,0,0,0,0,0,0,2,4,27096
186707,0,0,0,0,0,0,1,3,10721
186767,0,0,0,1,2,3117,1,1,1949
187033,0,0,0,2,2,11958,0,0,0
187153,0,0,0,1,2,5962,0,0,0
187164,1,1,2859,0,0,0,0,0,0
187359,0,0,0,0,0,0,1,0,8055
187466,0,0,0,0,0,0,1,1,1997
187489,1,0,2153,0,0,0,0,0,0
187505,0,0,0,1,1,2599,0,0,0
187774,0,0,0,1,1,2859,0,0,0
187982,0,0,0,2,2,4639,1,1,1624
188210,0,0,0,0,0,0,1,1,1386
188409,0,0,0,2,1,7032,0,0,0
188432,0,0,0,0,0,0,3,1,6237
188854,6,3,20079,3,0,9390,7,2,22903
188922,0,0,0,0,0,0,2,2,8836
189009,0,0,0,0,0,0,1,1,6889
189022,0,0,0,1,1,2014,0,0,0
189029,1,0,29049,0,0,0,0,0,0
189081,0,0,0,0,0,0,1,0,2722
189124,1,1,2989,0,0,0,0,0,0
189223,0,0,0,0,0,0,1,0,3964
189288,1,1,1559,0,0,0,2,3,10786
189314,1,0,3160,0,0,0,2,0,6452
189377,0,0,0,0,0,0,1,1,4549
189413,0,0,0,0,0,0,1,2,5067
189468,1,2,4417,0,0,0,1,2,4742
189707,2,2,11434,0,0,0,0,0,0
189735,0,0,0,3,3,10690,1,1,3050
189769,2,5,11834,0,0,0,0,0,0
189815,0,0,0,3,0,5804,0,0,0
189822,1,1,1689,0,0,0,0,0,0
189926,0,0,0,2,1,6888,0,0,0
190136,1,0,1606,1,0,2079,0,0,0
190191,2,4,8444,0,0,0,2,3,6431
190208,0,0,0,1,1,2079,2,1,3833
190240,1,1,1689,0,0,0,0,0,0
190372,0,0,0,1,1,2664,0,0,0
190525,0,0,0,1,1,2339,0,0,0
190562,0,0,0,1,0,2599,0,0,0
190827,0,0,0,0,0,0,1,0,1624
190841,1,1,2270,0,0,0,0,0,0
191033,0,0,0,1,1,3834,0,0,0
191118,0,0,0,1,0,1754,0,0,0
191386,0,0,0,1,3,9551,0,0,0
191472,1,0,1689,0,0,0,0,0,0
191500,1,0,2044,0,0,0,0,0,0
191576,1,1,2018,0,0,0,0,0,0
191615,0,0,0,1,0,5264,0,0,0
191653,0,0,0,1,1,3379,0,0,0
191727,0,0,0,0,0,0,1,1,1859
191728,0,0,0,0,0,0,1,1,2339
191775,1,1,2079,0,0,0,0,0,0
192011,0,0,0,1,1,2315,0,0,0
192035,2,2,5133,0,0,0,1,1,2274
192056,0,0,0,1,0,5066,0,0,0
192084,3,1,7992,1,0,2847,0,0,0
192119,0,0,0,1,1,1819,1,1,2079
192162,2,1,4483,0,0,0,0,0,0
192192,1,1,2209,0,0,0,0,0,0
192208,0,0,0,1,0,2924,0,0,0
192450,0,0,0,1,1,5459,0,0,0
192648,1,0,3336,0,0,0,0,0,0
192914,0,0,0,1,1,3249,0,0,0
193036,3,2,27267,3,5,32242,6,6,58216
193104,0,0,0,1,2,5502,0,0,0
193136,1,0,2469,2,1,6786,0,0,0
193154,0,0,0,1,0,8771,0,0,0
193175,3,4,9030,2,3,7471,1,2,4547
193476,0,0,0,0,0,0,1,2,3403
193630,0,0,0,0,0,0,1,0,2079
193742,1,2,3832,0,0,0,0,0,0
193867,0,0,0,0,0,0,1,0,4159
194124,1,1,1819,0,0,0,0,0,0
194199,0,0,0,0,0,0,1,0,2469
194263,1,1,2079,0,0,0,0,0,0
194329,0,0,0,0,0,0,2,7,26415
194653,0,0,0,1,1,1869,0,0,0
194812,1,0,6822,0,0,0,0,0,0
194849,0,0,0,1,2,9227,0,0,0
194874,0,0,0,0,0,0,1,2,4937
195179,0,0,0,2,2,11044,0,0,0
195264,1,0,4289,0,0,0,0,0,0
195338,1,1,2144,0,0,0,0,0,0
195339,1,0,1819,1,1,1819,0,0,0
195442,0,0,0,0,0,0,2,2,3314
195573,0,0,0,1,0,2534,0,0,0
195741,1,0,2859,0,0,0,0,0,0
195788,1,0,2014,0,0,0,0,0,0
195863,0,0,0,0,0,0,1,0,3769
195924,2,0,5198,0,0,0,2,1,5133
195965,0,0,0,1,1,1884,0,0,0
196020,1,0,2339,0,0,0,0,0,0
196554,0,0,0,1,1,2859,0,0,0
196588,1,1,2734,0,0,0,0,0,0
196670,0,0,0,1,0,3120,0,0,0
196829,0,0,0,1,5,8769,2,8,13965
197147,0,0,0,1,0,8991,0,0,0
197267,1,1,3964,0,0,0,0,0,0
197313,1,2,4157,0,0,0,0,0,0
197333,0,0,0,2,1,6230,0,0,0
197416,0,0,0,1,0,2469,0,0,0
197630,0,0,0,1,0,2166,0,0,0
197635,1,2,3897,0,0,0,0,0,0
197674,2,1,5263,0,0,0,0,0,0
197706,0,0,0,0,0,0,1,0,6239
197733,0,0,0,2,1,3898,2,1,4288
198590,1,1,2144,0,0,0,0,0,0
198621,0,0,0,0,0,0,1,0,4614
198706,0,0,0,1,0,2079,1,0,2274
198949,0,0,0,0,0,0,1,1,4159
198997,1,0,18057,0,0,0,0,0,0
199279,0,0,0,1,0,6162,0,0,0
199293,1,1,2274,0,0,0,0,0,0
199593,0,0,0,2,2,8253,0,0,0
199611,0,0,0,1,0,2188,0,0,0
199674,0,0,0,0,0,0,1,0,3020
199763,0,0,0,1,1,2192,1,0,2652
199850,0,0,0,0,0,0,1,0,2144
199981,0,0,0,1,1,2599,0,0,0
